{
  "train_runtime": 119421.2935,
  "train_samples_per_second": 0.527,
  "train_steps_per_second": 0.016,
  "total_flos": 7329847508030628.0,
  "train_loss": 0.7390696265480735,
  "epoch": 5.584498094027954
}